,price_NSW,price_QLD,price_SA,price_VIC
2019-11-09 11:00:00+00:00,77.34195545454548,56.78615000000001,69.77777222222223,71.42035000000003
2019-11-09 12:00:00+00:00,75.3308566666667,52.58637090909092,70.55399499999996,69.80005000000001
2019-11-09 13:00:00+00:00,90.43199999999996,46.54200000000001,93.36016400000003,90.11316300000004
2019-11-09 14:00:00+00:00,75.49646499999999,31.313012999999994,82.49349,76.20362700000001
2019-11-09 15:00:00+00:00,73.235977,40.437,81.010387,73.30510600000001
2019-11-09 16:00:00+00:00,56.311005,34.81600000000001,62.11006299999999,55.239709000000005
2019-11-09 17:00:00+00:00,47.35909090909092,28.307450909090914,51.19856818181818,46.130972727272734
2019-11-09 18:00:00+00:00,46.166604166666666,24.934708333333333,105.31835749999999,45.718025000000004
2019-11-09 19:00:00+00:00,51.700396666666656,-86.85167333333334,183.21333333333334,49.93177000000002
2019-11-09 20:00:00+00:00,45.16908818181819,-256.36333333333334,128.4389891666667,66.33103499999999
2019-11-09 21:00:00+00:00,40.96999999999999,-274.2325,71.69399999999999,48.54712909090908
2019-11-09 22:00:00+00:00,47.26111111111111,-43.5611111111111,49.07999999999999,46.778072222222235
2019-11-09 23:00:00+00:00,38.9411111111111,-53.05444444444443,36.634027777777774,38.18859222222222
2019-11-10 00:00:00+00:00,42.074000000000005,-58.825999999999986,36.16122399999999,43.146505
2019-11-10 01:00:00+00:00,38.94101400000001,-45.478000000000016,28.651414,43.118207000000005
2019-11-10 02:00:00+00:00,41.060066000000006,-13.039000000000005,25.41876,40.850996000000016
2019-11-10 03:00:00+00:00,42.698033,6.3969999999999985,39.411195000000006,43.353014999999985
2019-11-10 04:00:00+00:00,52.865999999999985,18.005999999999993,47.452996999999996,54.763501000000005
2019-11-10 05:00:00+00:00,62.61403499999998,40.06876090909091,77.3664627272727,91.37114000000001
2019-11-10 06:00:00+00:00,88.86600700000001,80.26001499999998,78.39818181818178,97.99564272727274
2019-11-10 07:00:00+00:00,109.68612600000002,108.29108999999998,102.52496900000001,118.38000000000002
2019-11-10 08:00:00+00:00,243.250907,227.150006,260.70191300000005,259.875567
2019-11-10 09:00:00+00:00,184.375108,132.02787800000004,207.58306299999998,200.10821700000005
2019-11-10 10:00:00+00:00,91.74800000000005,66.60499999999999,99.81976300000004,96.97399999999998
2019-11-10 11:00:00+00:00,93.23696454545457,61.33727181818181,97.60902454545455,98.07897545454547
2019-11-10 12:00:00+00:00,88.41571500000003,68.10420416666668,90.69561833333331,93.37685166666667
2019-11-10 13:00:00+00:00,86.72103166666669,57.07916416666665,100.97511499999997,100.90622750000001
2019-11-10 14:00:00+00:00,67.73164583333332,49.60338583333334,73.51117916666668,71.01523833333331
2019-11-10 15:00:00+00:00,57.830069999999985,39.984516666666664,55.61182250000001,56.02584083333335
2019-11-10 16:00:00+00:00,51.60531666666666,32.62582750000001,48.49768499999999,48.1266775
2019-11-10 17:00:00+00:00,52.30616461538462,36.89846461538462,45.7305646153846,46.962517692307706
2019-11-10 18:00:00+00:00,69.13857642857145,49.880381428571425,3.762615714285708,65.20409928571426
2019-11-10 19:00:00+00:00,95.26481230769232,45.538345000000014,3.5879338461538484,98.12715571428573
2019-11-10 20:00:00+00:00,82.2599366666667,25.831198333333344,1.6406816666666666,87.33107692307696
2019-11-10 21:00:00+00:00,65.08252583333335,16.095833333333335,-396.1394691666667,66.72705083333328
2019-11-10 22:00:00+00:00,44.51753333333332,8.405,-347.999797,41.41304799999999
2019-11-10 23:00:00+00:00,39.68062230769229,21.315688181818178,-649.86879,35.47876636363636
2019-11-11 00:00:00+00:00,43.80938833333334,21.86578833333334,-877.9030458333335,39.056813
2019-11-11 01:00:00+00:00,40.37666666666667,13.019794166666665,-536.7463683333332,34.83813599999999
2019-11-11 02:00:00+00:00,47.880609166666666,8.182466666666667,-525.5530024999999,44.06679900000001
2019-11-11 03:00:00+00:00,49.67279249999999,29.533545833333346,-406.76294250000007,45.80433900000002
2019-11-11 04:00:00+00:00,62.26357583333336,34.06583583333333,-222.56643999999994,60.18746000000001
2019-11-11 05:00:00+00:00,84.64527230769232,49.69213384615383,-157.8320753846154,87.31869363636363
2019-11-11 06:00:00+00:00,83.44398214285714,71.39319538461538,-68.13499461538458,83.66800083333334
2019-11-11 07:00:00+00:00,104.4981235714286,103.45559500000002,93.84795500000003,99.19316666666667
2019-11-11 08:00:00+00:00,120.90419285714282,136.88675250000003,103.46588916666666,108.33153583333332
2019-11-11 09:00:00+00:00,77.25626357142858,75.75584500000001,69.31683166666666,71.9898691666667
2019-11-11 10:00:00+00:00,68.42615384615387,67.23731666666664,62.52405916666667,65.24965416666667
2019-11-11 11:00:00+00:00,64.30307692307694,61.44957230769232,53.92821538461539,58.69318615384613
2019-11-11 12:00:00+00:00,66.97038857142854,64.06999285714282,57.912044615384616,63.615469999999995
2019-11-11 13:00:00+00:00,68.17149,65.99834166666665,61.27116749999999,67.99224272727271
2019-11-11 14:00:00+00:00,46.71750583333333,46.05270083333335,40.44649916666666,44.20834500000001
2019-11-11 15:00:00+00:00,41.270833333333336,40.45430916666667,34.80873500000002,37.271240000000006
2019-11-11 16:00:00+00:00,40.993999999999986,40.12106300000001,30.47514454545454,29.922815999999994
2019-11-11 17:00:00+00:00,47.54114999999999,46.10678444444444,35.975434545454554,36.28966818181818
2019-11-11 18:00:00+00:00,71.74368999999999,65.19936200000001,62.37402833333335,65.6134441666667
2019-11-11 19:00:00+00:00,80.89091800000001,56.680803000000004,82.73153083333337,87.43151666666667
2019-11-11 20:00:00+00:00,76.14917300000005,31.144996000000003,81.24122666666665,84.80447166666669
2019-11-11 21:00:00+00:00,59.52529,18.986,59.628791666666665,62.25830583333332
2019-11-11 22:00:00+00:00,45.59502700000002,11.677801,42.19345916666668,44.91196416666665
2019-11-11 23:00:00+00:00,38.21915636363637,17.46366545454546,29.571746153846142,33.627039999999994
2019-11-12 00:00:00+00:00,37.62842083333333,27.709297500000005,-53.41733142857144,27.660850714285715
2019-11-12 01:00:00+00:00,43.31341250000002,20.17885,-201.53807357142864,23.638208333333328
2019-11-12 02:00:00+00:00,63.26307500000001,52.34222333333333,-204.7195961538462,40.07448083333333
2019-11-12 03:00:00+00:00,77.64525333333332,75.14768583333336,-139.90460333333343,41.52820833333332
2019-11-12 04:00:00+00:00,103.73844000000001,99.84285,-124.11047999999998,64.08958166666667
2019-11-12 05:00:00+00:00,108.07707538461536,101.14623846153845,-28.706226153846142,64.81925
2019-11-12 06:00:00+00:00,126.75633214285718,121.02273499999994,56.48520428571427,62.570046428571416
2019-11-12 07:00:00+00:00,134.24707214285715,133.0893192857143,8.018582857142864,81.94226142857144
2019-11-12 08:00:00+00:00,137.00898857142863,137.31666357142856,65.19033142857141,113.75518857142858
2019-11-12 09:00:00+00:00,86.17938071428571,88.08945428571428,69.81965714285714,80.23382071428573
2019-11-12 10:00:00+00:00,77.71994285714288,78.30993214285715,68.29056071428572,75.77993071428571
2019-11-12 11:00:00+00:00,71.52991733333329,70.53781466666668,62.937935333333336,68.12042866666667
2019-11-12 12:00:00+00:00,68.45235687500005,67.76080312500001,60.158090625000014,64.98341062499998
2019-11-12 13:00:00+00:00,68.045845625,67.955441875,64.85723875,68.16670562499999
2019-11-12 14:00:00+00:00,54.651437500000014,56.693562499999985,49.920358125000014,52.57657312500003
2019-11-12 15:00:00+00:00,47.434279374999996,49.18776874999998,43.29299437500001,44.881676249999984
2019-11-12 16:00:00+00:00,48.608161875000015,49.374673124999994,45.289665625000005,46.139714375
2019-11-12 17:00:00+00:00,57.55881733333335,58.3062028571429,54.895364666666666,55.43176266666669
2019-11-12 18:00:00+00:00,70.23635499999999,69.93779166666664,69.30888,70.96925642857143
2019-11-12 19:00:00+00:00,87.1566191666667,78.11416833333337,90.2752,96.75918142857138
2019-11-12 20:00:00+00:00,85.23915000000002,59.69347666666667,94.08609071428569,100.23918642857143
2019-11-12 21:00:00+00:00,69.36010916666667,39.761662500000014,74.44041214285711,76.15087642857141
2019-11-12 22:00:00+00:00,56.13093833333331,35.63656333333333,65.10777071428572,66.73075642857141
2019-11-12 23:00:00+00:00,53.07615538461539,40.03610538461539,51.04767533333336,53.88349428571431
2019-11-13 00:00:00+00:00,50.74310928571426,46.53093,48.084119374999986,50.70278214285717
2019-11-13 01:00:00+00:00,41.95007000000002,40.796350714285715,38.607112142857154,40.079150714285724
2019-11-13 02:00:00+00:00,41.29307,40.43890714285715,38.096955000000015,7.364906428571431
2019-11-13 03:00:00+00:00,49.68504857142858,49.18124785714288,44.908343571428574,22.40501785714286
2019-11-13 04:00:00+00:00,49.15080571428572,48.08283214285715,38.96047214285715,44.973119999999994
2019-11-13 05:00:00+00:00,63.079572,62.61419733333331,51.49364800000001,59.45479933333331
2019-11-13 06:00:00+00:00,77.69646,76.15047374999999,68.71176124999998,74.774050625
2019-11-13 07:00:00+00:00,88.15950937500003,84.65931,77.691535,84.06183562499999
2019-11-13 08:00:00+00:00,92.77739124999998,91.55257624999997,85.45680124999998,90.91660187500005
2019-11-13 09:00:00+00:00,86.58567562500002,75.62239499999995,87.86032687499998,89.54137
2019-11-13 10:00:00+00:00,71.974643125,64.31122857142857,77.371075,74.23997687499998
2019-11-13 11:00:00+00:00,63.06732647058826,59.63509133333333,65.4593853333333,61.90133647058824
2019-11-13 12:00:00+00:00,63.70149000000001,61.44117562500001,64.05035812500002,61.978350000000006
2019-11-13 13:00:00+00:00,67.4760722222222,62.70669937499999,76.07308250000001,69.71166999999998
2019-11-13 14:00:00+00:00,54.284009999999995,54.85106062500001,58.76090937499998,53.35882944444442
2019-11-13 15:00:00+00:00,40.50704944444445,40.473348124999994,40.770900625,38.53645888888889
2019-11-13 16:00:00+00:00,41.44479111111113,41.989125,41.44576124999998,38.79830444444443
2019-11-13 17:00:00+00:00,57.76939,57.670196666666676,58.865667333333334,55.01294999999999
2019-11-13 18:00:00+00:00,86.64586071428569,72.0396842857143,89.36675285714287,86.10433571428572
2019-11-13 19:00:00+00:00,98.87430357142853,72.82487214285717,108.69259999999996,105.40059857142855
2019-11-13 20:00:00+00:00,118.05565000000004,56.083147857142876,141.08607928571436,134.91817642857137
2019-11-13 21:00:00+00:00,80.55410071428571,43.07855142857142,90.15408214285712,87.3257557142857
2019-11-13 22:00:00+00:00,76.22964,28.563610000000004,83.22928571428572,80.76185714285712
2019-11-13 23:00:00+00:00,70.35515600000001,35.94887785714287,79.77047133333333,74.00171800000001
2019-11-14 00:00:00+00:00,58.81785687500001,31.862559285714298,64.466825625,59.50762437500001
2019-11-14 01:00:00+00:00,42.82230875,28.473863571428573,41.83880937500001,41.04894062499999
2019-11-14 02:00:00+00:00,37.495919375,32.53614714285714,33.07414,33.470353124999995
2019-11-14 03:00:00+00:00,43.4041575,43.289445,35.2800425,36.874612500000005
2019-11-14 04:00:00+00:00,48.834262499999994,45.16780499999999,38.934180000000005,40.74947875
2019-11-14 05:00:00+00:00,58.21063647058821,56.87759399999998,51.06142705882354,53.71737058823531
2019-11-14 06:00:00+00:00,69.40921444444444,69.65041437499998,62.888166666666656,65.40040777777777
2019-11-14 07:00:00+00:00,84.54723666666665,87.60057,77.50228833333335,79.3538783333333
2019-11-14 08:00:00+00:00,106.07521166666669,111.47500562500008,99.64367999999997,100.83883444444442
2019-11-14 09:00:00+00:00,88.33931500000001,80.237594375,88.68126055555554,86.54946055555558
2019-11-14 10:00:00+00:00,76.02277124999999,69.61751500000003,79.85689875,76.6199625
2019-11-14 11:00:00+00:00,74.0424811764706,64.2809611764706,74.82867588235297,71.03073999999998
2019-11-14 12:00:00+00:00,81.25728124999998,64.02890833333335,81.37681058823529,78.68366312499997
2019-11-14 13:00:00+00:00,85.4533925,64.02299058823527,98.30507249999997,90.88541733333335
2019-11-14 14:00:00+00:00,62.50424428571427,56.093970714285724,70.79290533333338,63.792021428571424
2019-11-14 15:00:00+00:00,50.08758785714283,49.00210857142856,54.45007500000002,48.92294642857144
2019-11-14 16:00:00+00:00,49.02288071428571,48.993111428571424,51.06951357142855,48.36082750000002
2019-11-14 17:00:00+00:00,57.08715642857145,56.37526928571429,60.717261666666666,57.09235750000001
2019-11-14 18:00:00+00:00,72.31498642857146,64.52011857142857,79.54494249999998,76.09180500000002
2019-11-14 19:00:00+00:00,87.78923,66.41812785714286,93.5751325,93.33121749999998
2019-11-14 20:00:00+00:00,78.41309,49.58738357142856,90.41522250000003,88.90328583333337
2019-11-14 21:00:00+00:00,66.37817250000002,41.944302857142866,76.90715166666666,75.33564909090911
2019-11-14 22:00:00+00:00,72.09450333333332,48.30389214285714,81.38796799999999,78.17250099999998
2019-11-14 23:00:00+00:00,66.99379461538462,49.640585999999985,77.88028090909093,72.58255090909091
2019-11-15 00:00:00+00:00,61.640589999999996,49.29908000000001,68.6458275,64.61077583333336
2019-11-15 01:00:00+00:00,56.94367666666667,47.09614187499999,56.31031333333336,55.39485750000001
2019-11-15 02:00:00+00:00,53.20864250000002,48.30355285714288,48.67374833333332,50.65094166666666
2019-11-15 03:00:00+00:00,55.93539833333333,49.17740357142857,47.74103166666666,51.56634666666668
2019-11-15 04:00:00+00:00,70.15725333333336,66.21712846153846,3.2281075,57.11425083333334
2019-11-15 05:00:00+00:00,90.84555555555556,88.5907176923077,65.0533675,70.54877538461541
2019-11-15 06:00:00+00:00,74.71316999999998,75.74236428571427,29.772150833333342,57.7827357142857
2019-11-15 07:00:00+00:00,77.378,80.80817428571429,-3.2612658333333386,63.93588999999999
2019-11-15 08:00:00+00:00,86.84300000000003,91.49508714285714,73.84007083333331,78.59713428571426
2019-11-15 09:00:00+00:00,80.91127800000001,80.80794571428571,76.47985083333337,78.30929571428574
2019-11-15 10:00:00+00:00,83.54110800000004,79.49233142857143,79.16427166666664,80.61098000000003
2019-11-15 11:00:00+00:00,83.63136090909093,77.23741615384617,75.08563307692306,77.54365153846156
2019-11-15 12:00:00+00:00,79.60088333333331,73.3764692857143,76.19841571428572,77.00829357142857
2019-11-15 13:00:00+00:00,86.18416666666667,77.74674785714284,85.37010714285715,85.92215
2019-11-15 14:00:00+00:00,73.63523749999999,68.817115,75.7178842857143,73.10356999999998
2019-11-15 15:00:00+00:00,66.00310083333336,63.62980785714286,71.79858928571431,65.8220592857143
2019-11-15 16:00:00+00:00,62.59353250000003,61.52851214285714,66.82466214285716,61.107544285714305
2019-11-15 17:00:00+00:00,66.45522333333331,64.05601,70.56599642857144,64.57190071428572
2019-11-15 18:00:00+00:00,74.96705416666667,70.11616928571428,79.75129142857143,73.81101285714283
2019-11-15 19:00:00+00:00,74.46705916666664,66.44462428571431,79.37243571428573,73.86160357142855
2019-11-15 20:00:00+00:00,67.98116916666666,53.508115714285715,76.95595214285711,69.45914214285713
2019-11-15 21:00:00+00:00,63.80526249999999,49.26715999999999,69.01571428571427,63.637282857142864
2019-11-15 22:00:00+00:00,67.11568000000001,51.92267785714286,70.60248857142861,65.54587785714284
2019-11-15 23:00:00+00:00,56.75067230769231,48.40425933333332,60.075132000000025,53.220544666666676
2019-11-16 00:00:00+00:00,47.481324285714265,43.527653333333326,46.04512437499999,42.675748750000025
2019-11-16 01:00:00+00:00,39.30973428571428,37.309117857142844,36.42484249999999,34.89981499999999
2019-11-16 02:00:00+00:00,42.53198642857143,42.22368076923078,36.928300625,34.70765428571429
2019-11-16 03:00:00+00:00,57.11408214285713,61.38124833333331,43.973610625,37.30803428571429
2019-11-16 04:00:00+00:00,57.879593571428586,60.230087499999996,45.10442374999999,39.66691642857143
2019-11-16 05:00:00+00:00,75.07755923076924,78.07926615384616,60.75288176470588,61.622202666666674
2019-11-16 06:00:00+00:00,86.2350892857143,94.83548357142857,74.36420611111112,76.74975875
2019-11-16 07:00:00+00:00,114.00708857142858,141.79497461538463,73.92919722222221,92.25205249999998
2019-11-16 08:00:00+00:00,126.49882928571434,171.757505,352.6903261111113,107.96551624999996
2019-11-16 09:00:00+00:00,87.78554357142855,97.25304916666666,97.70835444444444,81.541656875
2019-11-16 10:00:00+00:00,89.96117571428572,95.93799666666666,43.484763333333326,58.67722562499999
2019-11-16 11:00:00+00:00,81.053024,85.50948384615384,72.11807315789473,46.663509411764714
2019-11-16 12:00:00+00:00,71.77405500000002,74.44219571428572,70.45842300000001,50.37702666666669
2019-11-16 13:00:00+00:00,69.92452625000003,69.04214857142856,76.955945,71.0874788888889
2019-11-16 14:00:00+00:00,63.35724749999999,63.11907785714287,68.71693100000002,62.382060555555555
2019-11-16 15:00:00+00:00,60.04069937500001,59.81571071428571,62.826175000000035,57.68510166666667
2019-11-16 16:00:00+00:00,50.060693750000006,48.84231071428572,51.02284950000002,46.948364999999995
2019-11-16 17:00:00+00:00,58.65211714285714,58.11484923076921,57.45984588235295,55.222945999999986
2019-11-16 18:00:00+00:00,63.16571083333332,62.38080583333332,63.71216857142856,61.76616583333333
2019-11-16 19:00:00+00:00,55.22549416666666,52.94964916666666,59.18832571428569,55.17701249999999
2019-11-16 20:00:00+00:00,45.02919916666665,39.86177583333335,48.93656428571428,45.28530999999999
2019-11-16 21:00:00+00:00,46.41587083333334,40.578185833333336,48.92305928571427,46.19027666666665
2019-11-16 22:00:00+00:00,46.239204166666674,40.76356249999999,50.84470214285716,46.45057499999999
2019-11-16 23:00:00+00:00,39.10310000000001,35.23941307692308,40.597364,37.583296923076915
2019-11-17 00:00:00+00:00,39.10144999999999,36.50280642857145,36.859466875,36.34968928571429
2019-11-17 01:00:00+00:00,41.398592857142845,40.43751714285713,37.79554750000001,37.714685714285714
2019-11-17 02:00:00+00:00,44.23432857142855,45.52675499999999,41.71354249999998,40.026467857142855
2019-11-17 03:00:00+00:00,40.99806071428572,42.802592142857144,38.035774375,36.444905714285724
2019-11-17 04:00:00+00:00,45.559934285714284,45.66216714285715,43.88407875,41.824319999999986
2019-11-17 05:00:00+00:00,59.02694965517243,59.05108206896551,61.04862848484848,57.80822551724136
2019-11-17 06:00:00+00:00,79.76585399999999,79.69941066666664,78.83076764705885,77.91705200000001
2019-11-17 07:00:00+00:00,96.19693307692309,97.19853933333336,89.6548088235294,93.86787933333333
2019-11-17 08:00:00+00:00,187.66724461538465,187.19775800000008,173.52163294117653,182.76068333333333
2019-11-17 09:00:00+00:00,108.19244153846151,108.47282733333337,106.94974823529411,110.45610866666672
2019-11-17 10:00:00+00:00,80.81189923076923,80.55330066666666,80.6784888235294,82.9385686666667
2019-11-17 11:00:00+00:00,72.87855407407406,71.25401935483872,77.74257142857142,76.15809839999999
2019-11-17 12:00:00+00:00,70.69697,68.388058125,77.73611111111111,74.98822
2019-11-17 13:00:00+00:00,69.07046416666667,67.86468500000001,79.79722222222223,77.58411583333331
2019-11-17 14:00:00+00:00,62.91948416666667,62.87417916666666,72.83767933333336,72.03481166666667
2019-11-17 15:00:00+00:00,54.46709000000002,55.11912333333333,61.17710785714285,58.21686083333332
2019-11-17 16:00:00+00:00,46.19004999999999,46.45289916666667,51.10391285714286,49.16882749999999
2019-11-17 17:00:00+00:00,55.37456260869565,54.970642608695655,60.82672,57.704107826086954
2019-11-17 18:00:00+00:00,68.19212454545456,66.72284545454545,76.1357509090909,72.22128181818182
2019-11-17 19:00:00+00:00,79.07115454545455,74.2252990909091,86.56218363636364,86.92361000000001
2019-11-17 20:00:00+00:00,69.89587454545455,64.35096545454545,80.84772727272727,82.41017545454548
2019-11-17 21:00:00+00:00,53.817817272727275,49.44558,58.379314545454534,57.543714545454534
2019-11-17 22:00:00+00:00,54.67125909090908,50.190440909090924,56.33799272727272,54.86493818181818
2019-11-17 23:00:00+00:00,42.86872782608696,39.892076521739135,39.14965478260869,39.96689478260869
2019-11-18 00:00:00+00:00,46.05505166666668,43.52517916666667,39.12569083333333,41.57670916666667
2019-11-18 01:00:00+00:00,41.89460916666667,39.09125416666668,33.50867333333332,35.05726000000001
2019-11-18 02:00:00+00:00,46.37816833333334,43.13688833333333,38.69061999999999,41.822799999999994
2019-11-18 03:00:00+00:00,55.88175666666668,52.72595666666666,49.920573333333344,51.95199090909092
2019-11-18 04:00:00+00:00,60.4438525,55.58960583333334,57.263105833333334,58.02202909090911
2019-11-18 05:00:00+00:00,68.58738117647059,63.33795058823529,67.21498588235295,69.09477999999999
2019-11-18 06:00:00+00:00,83.13455222222224,80.07578722222225,83.578735,83.457269375
2019-11-18 07:00:00+00:00,86.57275062499998,95.97099944444443,100.76574888888891,91.62791
2019-11-18 08:00:00+00:00,90.867104375,88.934635625,118.69315111111109,97.77613857142858
2019-11-18 09:00:00+00:00,78.8873875,76.461563125,92.24978117647059,86.58107
2019-11-18 10:00:00+00:00,72.28556562499999,69.569656875,82.73497,77.91043071428571
2019-11-18 11:00:00+00:00,75.40998352941176,70.03263705882352,82.79969533333336,78.82558066666665
2019-11-18 12:00:00+00:00,78.35054875000002,70.55859055555555,81.096086875,80.30871625
2019-11-18 13:00:00+00:00,83.595071875,71.52235529411765,92.67853812499999,90.121706875
2019-11-18 14:00:00+00:00,73.69957214285715,63.26880062500001,78.542416875,74.93072125
2019-11-18 15:00:00+00:00,60.711477857142846,51.59193428571429,64.73251133333332,59.984573125000004
2019-11-18 16:00:00+00:00,56.09846153846153,47.719620000000006,58.942327142857145,53.11149
2019-11-18 17:00:00+00:00,76.475015,61.20672583333333,76.30002846153846,71.06579214285712
2019-11-18 18:00:00+00:00,92.63999999999999,76.50409300000001,93.21923499999998,92.05767333333334
2019-11-18 19:00:00+00:00,94.38,81.31888888888888,95.86229799999998,102.29665166666668
2019-11-18 20:00:00+00:00,78.685,65.015,85.575027,88.74770083333333
2019-11-18 21:00:00+00:00,76.28999999999999,60.585,84.16304,79.93198083333334
2019-11-18 22:00:00+00:00,69.85,46.205,73.700911,70.56721583333335
2019-11-18 23:00:00+00:00,61.75999333333333,47.102001111111115,58.72326454545453,60.95757
2019-11-19 00:00:00+00:00,59.338347,50.204086000000004,53.14507833333332,57.1923057142857
2019-11-19 01:00:00+00:00,62.899315,54.418026,54.28046666666666,59.02663071428571
2019-11-19 02:00:00+00:00,61.067182,54.59336200000001,54.01461166666667,59.69267076923076
2019-11-19 03:00:00+00:00,70.688,64.45484400000001,60.36537083333334,66.85886083333334
2019-11-19 04:00:00+00:00,82.565722,76.137161,65.76912909090908,72.85630916666666
2019-11-19 05:00:00+00:00,83.30580363636363,81.05117999999999,67.96139363636364,73.39567384615384
2019-11-19 06:00:00+00:00,85.93573666666664,85.469385,76.70250500000002,81.76274928571429
2019-11-19 07:00:00+00:00,103.82704000000001,103.10100666666666,100.36786,103.48389999999998
2019-11-19 08:00:00+00:00,116.95813249999999,119.19637749999998,116.40986666666667,113.9581764285714
2019-11-19 09:00:00+00:00,85.44344666666667,86.90481833333332,93.04089,86.94753285714285
2019-11-19 10:00:00+00:00,70.02244666666665,70.79335416666667,77.36421499999999,73.6697242857143
2019-11-19 11:00:00+00:00,77.7405723076923,74.7109876923077,85.0548176923077,80.14601533333331
2019-11-19 12:00:00+00:00,72.82358571428573,69.427085,83.27440857142858,80.67881187500001
2019-11-19 13:00:00+00:00,75.31401928571428,71.47154500000002,117.14386428571427,107.98304249999997
2019-11-19 14:00:00+00:00,70.34285714285716,68.3881142857143,70.69643142857142,68.07074812500001
2019-11-19 15:00:00+00:00,56.15996928571428,54.94270714285715,55.581072142857124,52.36135499999999
2019-11-19 16:00:00+00:00,57.122474999999994,55.82088642857143,53.31170357142856,49.570649375
2019-11-19 17:00:00+00:00,59.81033785714284,58.666783571428574,51.85847499999999,54.21457066666668
2019-11-19 18:00:00+00:00,73.35516499999999,70.89621999999999,65.43374857142858,73.65580071428572
2019-11-19 19:00:00+00:00,89.88509714285715,84.5510842857143,75.12322428571429,95.19087499999998
2019-11-19 20:00:00+00:00,73.537075,67.85546214285715,66.46729785714287,79.04193071428573
2019-11-19 21:00:00+00:00,66.55168,60.87760071428571,0.42258428571429263,68.71578642857143
2019-11-19 22:00:00+00:00,63.19907642857144,58.17982714285716,56.15063785714285,63.66403714285714
2019-11-19 23:00:00+00:00,61.543791333333324,58.48985466666666,54.23299999999999,61.073291333333344
2019-11-20 00:00:00+00:00,60.59185812499999,59.176836875,55.093446875,60.784574375000005
2019-11-20 01:00:00+00:00,62.643833125,62.444513124999986,55.73574125000001,63.54383312500001
2019-11-20 02:00:00+00:00,68.36485124999999,68.297938125,63.538541250000016,71.28009
2019-11-20 03:00:00+00:00,72.359045625,75.36247866666666,67.89956000000001,77.569956875
2019-11-20 04:00:00+00:00,79.56175125,81.99527142857143,76.53758187499997,87.36132250000001
2019-11-20 05:00:00+00:00,93.24286588235294,95.89236933333335,98.39412470588232,107.44962529411762
2019-11-20 06:00:00+00:00,100.5302988888889,104.9900775,111.70014388888889,118.02297055555556
2019-11-20 07:00:00+00:00,116.97364666666665,126.54469124999997,133.01691888888888,135.79490944444444
2019-11-20 08:00:00+00:00,118.50340833333331,139.17023062500002,142.70822125,134.88424333333336
2019-11-20 09:00:00+00:00,70.12333555555556,79.72939875000002,76.39203375,77.15059611111111
2019-11-20 10:00:00+00:00,68.73521166666667,73.35753333333334,71.99077375000002,71.85100277777778
2019-11-20 11:00:00+00:00,63.35909210526315,66.017182,63.26667764705882,62.14273368421053
2019-11-20 12:00:00+00:00,57.137119,60.8483975,58.54368833333334,55.6277525
2019-11-20 13:00:00+00:00,51.08334749999999,52.216658125,57.45162277777779,50.811773999999986
2019-11-20 14:00:00+00:00,50.061779,52.24952625,50.58784411764706,37.4297505
2019-11-20 15:00:00+00:00,40.800903888888875,41.920601250000004,32.457921875000004,23.669713499999993
2019-11-20 16:00:00+00:00,43.163308333333326,43.90650062499999,-27.80731187500001,24.319117368421047
2019-11-20 17:00:00+00:00,48.94379000000001,47.74525066666668,46.082106,39.87926875
2019-11-20 18:00:00+00:00,60.89025500000002,56.87751857142858,67.27205857142856,61.78145714285714
2019-11-20 19:00:00+00:00,67.61333214285715,62.416452142857146,73.31755142857143,71.4310107142857
2019-11-20 20:00:00+00:00,63.996338461538464,57.57222857142858,68.90557785714284,69.55572785714286
2019-11-20 21:00:00+00:00,58.5699875,52.08749928571429,63.23253142857144,64.57587071428573
2019-11-20 22:00:00+00:00,60.09979916666668,51.77658214285715,61.34852642857144,65.12421285714288
2019-11-20 23:00:00+00:00,64.20060076923076,53.899303333333336,64.15821933333332,69.27802266666666
2019-11-21 00:00:00+00:00,67.99021428571429,55.457685625,62.872546875000005,75.63276875000001
2019-11-21 01:00:00+00:00,87.81860142857144,62.80211187499999,-56.13575812499999,95.92445749999999
2019-11-21 02:00:00+00:00,101.50337785714285,78.067076875,-200.0137106666667,110.59088624999998
2019-11-21 03:00:00+00:00,83.67409428571429,72.41331374999999,-332.4522028571429,89.05159125
2019-11-21 04:00:00+00:00,81.23919428571428,68.81027687500001,-450.5252364285715,79.371663125
2019-11-21 05:00:00+00:00,84.61119800000002,76.87958705882353,-140.8990593333334,71.33905352941176
2019-11-21 06:00:00+00:00,83.0799275,78.49589277777778,-78.2049525,66.63477499999999
2019-11-21 07:00:00+00:00,87.833669375,87.33926222222219,64.03563937499999,69.24412111111113
2019-11-21 08:00:00+00:00,86.96074750000002,89.55172111111109,65.92658750000001,72.60653777777779
2019-11-21 09:00:00+00:00,77.38155687500003,78.62046611111111,65.80592125,69.65044277777776
2019-11-21 10:00:00+00:00,66.041655625,69.01965444444444,60.94085187500001,61.81950294117646
2019-11-21 11:00:00+00:00,61.035784666666665,66.10663157894736,61.81965000000002,57.967568235294124
2019-11-21 12:00:00+00:00,57.30546714285713,62.235087,60.13328470588235,57.147973333333326
2019-11-21 13:00:00+00:00,55.57286071428572,55.753084444444454,64.97941375,58.01137999999999
2019-11-21 14:00:00+00:00,45.17847714285714,44.27583062499999,51.31636375000001,46.07484375
2019-11-21 15:00:00+00:00,44.396894999999994,43.685315625,49.37906187499999,44.418476874999996
2019-11-21 16:00:00+00:00,44.3997757142857,43.210531875,50.21639125,44.460759374999995
2019-11-21 17:00:00+00:00,48.54429428571428,46.781013333333334,56.22678266666666,49.65359333333334
2019-11-21 18:00:00+00:00,59.17563785714287,57.84100571428571,83.46442499999999,75.82367
2019-11-21 19:00:00+00:00,70.96621285714285,66.80267428571428,89.88265384615387,86.19050357142855
2019-11-21 20:00:00+00:00,67.1918142857143,60.85454857142857,79.81329749999998,78.45289571428575
2019-11-21 21:00:00+00:00,64.45374642857142,57.0108525,69.13000000000001,68.20418642857142
2019-11-21 22:00:00+00:00,61.698225384615384,52.13217500000001,64.36641833333333,62.48825357142857
2019-11-21 23:00:00+00:00,54.07056769230769,46.92580692307692,48.941795384615375,49.39445066666667
2019-11-22 00:00:00+00:00,51.07717571428571,44.54193714285714,42.742384285714294,45.1807775
2019-11-22 01:00:00+00:00,53.559259999999995,47.13212500000001,40.80884571428572,44.351643124999995
2019-11-22 02:00:00+00:00,62.917564285714285,55.64868214285714,-17.62858,47.687630000000006
2019-11-22 03:00:00+00:00,66.84895428571429,60.28792214285715,-30.345833571428575,45.395585
2019-11-22 04:00:00+00:00,63.22219,58.34896785714284,39.34806214285714,45.71206
2019-11-22 05:00:00+00:00,68.09552733333334,65.75226066666667,44.592476153846164,57.969763529411765
2019-11-22 06:00:00+00:00,70.29310437499998,69.9822125,55.566994285714294,63.53221333333334
2019-11-22 07:00:00+00:00,76.368099375,77.40147562500002,68.95690857142856,73.0284427777778
2019-11-22 08:00:00+00:00,78.937580625,81.526406875,74.36791214285714,77.28823722222222
2019-11-22 09:00:00+00:00,69.79018875,70.14201437500002,69.02300714285714,70.69461555555556
2019-11-22 10:00:00+00:00,69.033315,68.39679533333333,68.78273785714285,69.25576722222223
2019-11-22 11:00:00+00:00,69.79710235294118,69.67016533333334,70.82400000000001,69.57353578947368
2019-11-22 12:00:00+00:00,67.54944875000001,67.74341571428572,67.67249999999999,68.1060765
2019-11-22 13:00:00+00:00,70.26219499999999,70.51573642857142,76.263242,73.06293050000001
2019-11-22 14:00:00+00:00,54.373541874999994,54.96222214285716,59.74170000000002,56.08999449999999
2019-11-22 15:00:00+00:00,48.43403733333332,48.14754571428572,53.89564071428571,48.091367500000004
2019-11-22 16:00:00+00:00,45.998616428571424,45.93119500000001,53.65630142857142,44.559644000000006
2019-11-22 17:00:00+00:00,50.286956923076914,48.687378571428575,59.55030214285715,49.73002
2019-11-22 18:00:00+00:00,53.670029166666666,49.96488714285716,62.57891285714286,56.456107499999995
2019-11-22 19:00:00+00:00,56.30622083333332,50.68193785714285,65.98877153846153,59.15669916666666
2019-11-22 20:00:00+00:00,45.075042499999995,37.414274999999996,55.05105000000001,50.00008499999999
2019-11-22 21:00:00+00:00,45.02373166666667,36.7719075,46.69313500000001,43.656860000000016
2019-11-22 22:00:00+00:00,47.85333333333333,38.121895,48.850278333333335,44.81255000000001
2019-11-22 23:00:00+00:00,34.71913076923077,28.23261307692308,32.5863176923077,30.745576153846155
2019-11-23 00:00:00+00:00,29.24001714285714,23.73482428571429,23.954217857142858,22.561850000000003
2019-11-23 01:00:00+00:00,31.328571428571422,26.355869285714284,21.919659285714285,18.37922857142857
2019-11-23 02:00:00+00:00,31.385714285714283,27.18932285714286,17.383547142857143,14.7566
2019-11-23 03:00:00+00:00,40.700429285714286,36.209584285714286,24.851767142857142,21.101908571428567
2019-11-23 04:00:00+00:00,38.760251428571436,35.51027428571428,25.286001428571435,22.637580000000003
2019-11-23 05:00:00+00:00,38.695925333333335,36.60426333333333,25.592780000000005,24.07439
2019-11-23 06:00:00+00:00,55.33368875,54.289145625,46.490858125,48.53126625
2019-11-23 07:00:00+00:00,69.08681499999999,70.25294375,62.47585687499999,62.373376875
2019-11-23 08:00:00+00:00,67.59261500000001,69.839870625,63.63578375,62.841630625
2019-11-23 09:00:00+00:00,64.24357142857141,66.85852875,63.285714285714285,62.241563125000006
2019-11-23 10:00:00+00:00,57.23245857142857,58.850633125,58.33134928571428,56.32894374999999
2019-11-23 11:00:00+00:00,63.69378866666667,62.98178411764707,64.75202533333334,61.206116470588235
2019-11-23 12:00:00+00:00,62.83331374999999,63.36394722222222,68.5843725,63.92739875
2019-11-23 13:00:00+00:00,60.70556249999999,57.635567222222235,77.17039714285715,67.00798499999999
2019-11-23 14:00:00+00:00,52.33947374999999,49.63440499999999,67.57476000000001,58.75228933333333
2019-11-23 15:00:00+00:00,46.687213124999985,44.45536166666666,59.178728571428564,50.420416428571414
2019-11-23 16:00:00+00:00,43.313370625,41.686466874999994,56.290441428571434,46.34769928571428
2019-11-23 17:00:00+00:00,44.805431333333345,42.581952,57.78895666666667,48.10821846153846
2019-11-23 18:00:00+00:00,40.98587928571429,39.201085,60.18078750000001,53.32326416666667
2019-11-23 19:00:00+00:00,36.716845,33.099267857142856,54.15446416666666,45.62675916666668
2019-11-23 20:00:00+00:00,38.41929857142857,30.339314615384616,44.58131916666667,40.299375
2019-11-23 21:00:00+00:00,39.35149928571429,27.585000000000004,43.57442416666666,39.849062
2019-11-23 22:00:00+00:00,43.28858500000001,36.568259000000005,45.84845333333333,43.35686299999999
2019-11-23 23:00:00+00:00,40.16002533333333,34.44450181818183,38.00216076923077,36.75138272727273
2019-11-24 00:00:00+00:00,38.60710125,34.25049333333334,33.636235000000006,34.492912499999996
2019-11-24 01:00:00+00:00,46.870025000000005,42.950206666666666,39.1979325,41.35116416666667
2019-11-24 02:00:00+00:00,38.28285714285715,34.866616666666665,30.342249999999993,32.867515000000004
2019-11-24 03:00:00+00:00,47.42714928571428,45.32153416666667,42.384488,44.16054100000001
2019-11-24 04:00:00+00:00,46.318511538461536,43.43438916666665,42.899275,43.498569999999994
2019-11-24 05:00:00+00:00,49.21230769230769,48.070733846153836,47.976254545454545,48.305716363636364
2019-11-24 06:00:00+00:00,68.23371999999999,67.2601276923077,67.73358166666668,67.73993249999998
2019-11-24 07:00:00+00:00,77.48565357142856,81.57795666666668,78.79004833333333,79.54481083333333
2019-11-24 08:00:00+00:00,105.81760142857145,114.00116833333333,121.21368250000002,115.30924166666667
2019-11-24 09:00:00+00:00,78.11470571428572,79.70040166666665,89.52213916666666,84.54769583333335
2019-11-24 10:00:00+00:00,70.06042999999998,70.43698499999999,78.98284,74.56775916666669
2019-11-24 11:00:00+00:00,62.896889333333334,62.58047153846152,69.22344692307692,65.38462615384614
2019-11-24 12:00:00+00:00,62.051269375,60.50136333333333,71.17147357142856,67.668125
2019-11-24 13:00:00+00:00,55.43336250000001,52.22688500000001,103.42541428571428,98.11719857142857
2019-11-24 14:00:00+00:00,48.34686250000001,46.603934166666676,63.28480428571429,58.98393500000001
2019-11-24 15:00:00+00:00,47.41319124999999,45.9650825,54.23912714285715,50.01175428571429
2019-11-24 16:00:00+00:00,43.576763125,42.76923583333332,47.13072999999999,44.337112142857144
2019-11-24 17:00:00+00:00,48.75229600000001,47.39512416666667,48.270478571428576,48.285405714285716
2019-11-24 18:00:00+00:00,52.79172785714286,50.469555833333324,50.39716642857143,52.87993857142858
2019-11-24 19:00:00+00:00,59.86269000000001,55.44723916666667,32.35340357142857,62.12223928571428
2019-11-24 20:00:00+00:00,61.23920583333334,54.79957166666668,49.78131785714287,64.4479492857143
2019-11-24 21:00:00+00:00,65.27691166666668,57.35785166666667,62.8469223076923,66.73139428571427
2019-11-24 22:00:00+00:00,67.40080416666666,58.934742500000006,66.42061090909091,68.93781166666666
2019-11-24 23:00:00+00:00,61.77143538461537,53.84908230769231,40.960271818181816,61.28303692307694
2019-11-25 00:00:00+00:00,64.60019214285715,54.280400714285705,53.62389166666666,66.30583785714286
2019-11-25 01:00:00+00:00,71.39427714285713,54.73761,5.266153333333333,73.20977857142859
2019-11-25 02:00:00+00:00,83.55733749999999,58.37748571428573,-192.0133833333333,85.31541785714285
2019-11-25 03:00:00+00:00,100.61729833333332,79.96007714285714,-291.989395,106.01002166666667
2019-11-25 04:00:00+00:00,73.8413175,64.36441142857144,-283.46356499999996,71.52017249999999
2019-11-25 05:00:00+00:00,73.93815916666665,68.23761214285715,-99.73373538461533,72.97099461538461
2019-11-25 06:00:00+00:00,75.90817583333335,75.42788214285714,63.320046428571416,71.58959999999999
2019-11-25 07:00:00+00:00,89.72148750000001,92.01129249999997,69.74075428571429,79.16357285714285
2019-11-25 08:00:00+00:00,98.76034083333333,101.96032666666667,73.26432857142856,81.6375085714286
2019-11-25 09:00:00+00:00,80.96445833333333,83.47295916666668,67.00852142857143,74.17559166666666
2019-11-25 10:00:00+00:00,68.57526666666668,69.9131775,61.695960000000014,66.57140666666668
2019-11-25 11:00:00+00:00,61.795790000000004,62.95220076923076,51.86490666666668,56.29288307692309
2019-11-25 12:00:00+00:00,55.622855714285706,58.54413071428572,45.3457225,49.57848785714287
2019-11-25 13:00:00+00:00,49.21290428571428,50.62317857142858,42.822532,45.27609071428572
2019-11-25 14:00:00+00:00,40.603367857142864,41.31135857142857,31.103600714285726,32.30580857142858
2019-11-25 15:00:00+00:00,37.96539666666667,39.485086428571435,22.21146214285714,23.356664999999996
2019-11-25 16:00:00+00:00,38.60166666666667,39.76641142857143,23.93984785714286,25.50755714285714
2019-11-25 17:00:00+00:00,39.954166666666666,41.04766153846154,29.10559769230769,30.980607142857135
2019-11-25 18:00:00+00:00,48.599117500000006,49.88323333333333,40.43769916666667,42.496962142857136
2019-11-25 19:00:00+00:00,62.54750000000001,58.83580250000002,-21.51388333333333,58.65744428571429
2019-11-25 20:00:00+00:00,69.57666666666667,61.845220833333336,-76.33109250000001,70.06949
2019-11-25 21:00:00+00:00,54.719165833333335,49.109416666666654,-367.5963491666667,52.320490000000014
2019-11-25 22:00:00+00:00,48.42063666666667,44.72217666666666,-314.8397183333332,43.90332928571429
2019-11-25 23:00:00+00:00,51.799236153846145,48.18043,-335.79049384615377,45.17992400000001
2019-11-26 00:00:00+00:00,50.714731428571426,46.956072142857145,-343.0696735714285,40.498558125
2019-11-26 01:00:00+00:00,47.979318571428564,44.56602357142857,-328.77358,25.10887375
2019-11-26 02:00:00+00:00,51.68092428571428,49.050844285714284,-316.50725142857146,18.926656874999995
2019-11-26 03:00:00+00:00,66.82623499999998,65.45514928571428,-265.17236857142854,12.968213125
2019-11-26 04:00:00+00:00,69.24035214285713,67.27858285714284,7.984720714285714,21.772267500000005
2019-11-26 05:00:00+00:00,72.00086066666667,73.31799666666667,30.106907999999997,52.558582352941166
2019-11-26 06:00:00+00:00,70.01516187499999,73.93368375,55.997203125000006,60.14082388888889
2019-11-26 07:00:00+00:00,77.556769375,83.96473937500001,69.09012125000001,71.98453944444445
2019-11-26 08:00:00+00:00,81.60350562500001,106.90264875,76.18748250000002,78.99740944444444
2019-11-26 09:00:00+00:00,73.283125,76.477673125,73.49588937499999,76.57230125000001
2019-11-26 10:00:00+00:00,63.1680825,67.13804125,63.52348562499999,65.72300874999999
2019-11-26 11:00:00+00:00,61.33564823529412,62.57515176470588,62.466880588235306,62.02354588235295
2019-11-26 12:00:00+00:00,60.07621888888889,58.89182333333333,65.31449611111113,62.35604166666667
2019-11-26 13:00:00+00:00,61.71229833333333,60.873435,69.17254277777778,65.78824666666668
2019-11-26 14:00:00+00:00,58.497971875000005,58.27374222222222,65.97211277777778,61.09490777777777
2019-11-26 15:00:00+00:00,51.83083499999999,50.6812788888889,57.53182611111111,53.239476111111095
2019-11-26 16:00:00+00:00,53.880548125000004,51.84801944444444,60.46648857142857,53.35817000000001
2019-11-26 17:00:00+00:00,59.512181428571445,55.74933875,64.6834946153846,59.718035
2019-11-26 18:00:00+00:00,70.46566666666666,66.02073357142855,71.05666666666666,71.21784500000001
2019-11-26 19:00:00+00:00,77.19238,69.08215071428573,75.526495,82.52798083333333
2019-11-26 20:00:00+00:00,72.45947,64.83748714285716,75.88736916666666,85.87052833333331
2019-11-26 21:00:00+00:00,54.85123166666668,49.85659153846154,36.908668333333324,54.671697499999986
2019-11-26 22:00:00+00:00,39.06167416666666,38.329860000000004,-69.6317375,35.30447833333333
2019-11-26 23:00:00+00:00,38.23999999999999,38.94176615384616,-31.130941538461535,30.028123846153846
2019-11-27 00:00:00+00:00,39.51714285714285,41.00441214285714,18.42349571428571,27.26670571428571
2019-11-27 01:00:00+00:00,38.13401571428572,40.04970428571428,-5.2607671428571425,26.39773071428571
2019-11-27 02:00:00+00:00,41.99427142857142,46.42964357142857,-10.944924285714288,31.827535714285712
2019-11-27 03:00:00+00:00,47.12428571428571,57.70715857142857,-263.42530571428574,38.66170357142857
2019-11-27 04:00:00+00:00,48.866567857142854,54.514179285714285,-54.62981000000001,41.63949
2019-11-27 05:00:00+00:00,58.792976,63.58386066666665,57.06618384615386,53.569422666666675
2019-11-27 06:00:00+00:00,64.90883857142856,68.148355,51.40461785714285,59.098396875000006
2019-11-27 07:00:00+00:00,74.95469,76.135799375,67.42123857142857,72.8413975
2019-11-27 08:00:00+00:00,77.98074,78.476713125,70.69817,77.58143624999998
2019-11-27 09:00:00+00:00,70.75714285714285,70.21909875,70.58081642857142,73.16440437499999
2019-11-27 10:00:00+00:00,64.46805499999999,64.32129124999999,64.88534571428572,66.49277562500001
2019-11-27 11:00:00+00:00,57.560594666666674,56.47128058823531,55.03901666666666,56.63012352941177
2019-11-27 12:00:00+00:00,60.18601187499999,57.89198444444445,59.43133312500001,58.92400944444444
2019-11-27 13:00:00+00:00,64.3361525,61.38962,68.04684624999999,65.45422444444445
2019-11-27 14:00:00+00:00,58.679944375,55.28274277777778,63.065043750000015,58.31001888888888
2019-11-27 15:00:00+00:00,50.93735937500001,49.08779944444445,53.94582062500001,49.12753555555556
2019-11-27 16:00:00+00:00,43.236403124999995,42.03241499999999,43.491375000000005,40.51774777777777
2019-11-27 17:00:00+00:00,45.94699333333334,43.804523749999994,45.76128466666667,43.133446000000006
2019-11-27 18:00:00+00:00,61.78440285714286,59.35059,61.239945,61.942205
2019-11-27 19:00:00+00:00,78.27496666666669,72.46085500000001,75.81367785714285,80.74474666666666
2019-11-27 20:00:00+00:00,68.69970833333333,65.09399499999999,87.89180307692308,82.48169333333334
2019-11-27 21:00:00+00:00,68.25490166666665,64.08827416666666,63.312993000000006,68.798705
2019-11-27 22:00:00+00:00,63.8735275,61.19541749999999,61.30584,63.10082249999999
2019-11-27 23:00:00+00:00,60.96779307692308,60.539364615384606,59.243280000000006,59.003958461538474
2019-11-28 00:00:00+00:00,57.236919285714286,56.80965214285715,53.57506083333334,53.98164071428571
2019-11-28 01:00:00+00:00,60.29940571428572,58.94751571428571,55.29328666666667,57.85671214285714
2019-11-28 02:00:00+00:00,59.46158538461539,58.03833357142856,-17.11169083333333,56.58107428571428
2019-11-28 03:00:00+00:00,61.08640333333333,60.78428,31.805231666666668,59.47595307692308
2019-11-28 04:00:00+00:00,60.18921916666665,57.37895428571428,22.662907500000003,56.12795916666667
2019-11-28 05:00:00+00:00,66.23385153846154,65.70579000000001,44.99234416666667,60.380913076923086
2019-11-28 06:00:00+00:00,83.35378416666666,79.22527428571428,70.24604727272728,77.17938666666667
2019-11-28 07:00:00+00:00,94.38117499999998,94.02375500000001,79.155997,87.2667925
2019-11-28 08:00:00+00:00,97.38398333333333,99.94443749999999,85.55759300000003,90.90121083333334
2019-11-28 09:00:00+00:00,81.00177666666667,82.30360166666667,72.531143,74.65355999999998
2019-11-28 10:00:00+00:00,70.0030575,70.32723727272727,70.27811500000001,69.920358
2019-11-28 11:00:00+00:00,65.90409249999999,67.67669000000001,67.67272727272729,65.9273890909091
2019-11-28 12:00:00+00:00,66.53199583333333,67.20800599999998,77.52076333333333,74.99897250000001
2019-11-28 13:00:00+00:00,65.0782225,66.88364299999999,76.23439,72.51804166666666
2019-11-28 14:00:00+00:00,65.66153416666667,68.66111900000001,94.78871166666669,86.48936250000001
2019-11-28 15:00:00+00:00,62.56419583333332,66.92381600000002,73.12503249999999,69.14537909090909
2019-11-28 16:00:00+00:00,61.0720925,64.58988299999999,75.8,69.590433
2019-11-28 17:00:00+00:00,59.77666,59.58385727272727,80.93327909090908,74.99282
2019-11-28 18:00:00+00:00,70.277012,66.67187833333334,81.83854583333334,77.1363925
2019-11-28 19:00:00+00:00,89.48421100000002,80.72347166666667,140.88464416666665,136.70636499999998
2019-11-28 20:00:00+00:00,102.785783,86.81981916666666,140.49234,137.08476
2019-11-28 21:00:00+00:00,91.953275,78.22522499999998,92.83438999999998,91.85333333333331
2019-11-28 22:00:00+00:00,67.157304,58.18417166666666,79.52160250000001,77.32260583333333
2019-11-28 23:00:00+00:00,58.89573363636364,51.932807692307705,62.78488384615385,62.06068076923077
2019-11-29 00:00:00+00:00,54.72668583333333,47.88927571428571,55.50878499999999,54.67389000000001
2019-11-29 01:00:00+00:00,47.098389999999995,43.200489999999995,45.552572857142856,46.046181428571415
2019-11-29 02:00:00+00:00,55.04044166666666,50.73858083333334,48.96044714285714,52.02400642857143
2019-11-29 03:00:00+00:00,69.46597249999999,64.4225575,56.07195928571428,63.93593357142857
2019-11-29 04:00:00+00:00,77.21917666666668,69.52302916666669,56.253866428571435,68.55303428571428
2019-11-29 05:00:00+00:00,81.09616307692309,72.03862615384617,63.42093928571428,71.57402307692305
2019-11-29 06:00:00+00:00,91.95685785714285,84.84579307692307,73.1307492857143,81.682526
2019-11-29 07:00:00+00:00,83.59054857142858,76.43154090909091,70.8161292857143,72.48186000000001
2019-11-29 08:00:00+00:00,114.1363207142857,109.038272,92.90831928571431,92.90136600000001
2019-11-29 09:00:00+00:00,95.18025428571427,93.69453599999999,84.72267090909092,89.40599111111108
2019-11-29 10:00:00+00:00,80.95355214285713,80.81200500000001,86.04733100000001,85.695
